-0.179277945485457,-0.776819772272929,1.0
-0.447092697230874,-1.38616363283804,1.0
-0.412694047339656,0.696535200573449,1.0
1.62745366313566,-0.445591460346981,1.0
-0.0591813255367341,-0.00690054559850267,1.0
-0.805858827431716,-0.39344523901044,1.0
-0.785985571345753,-0.366503905564504,1.0
0.901686350172058,-0.357326152886092,1.0
0.913089612579232,0.77878215484613,1.0
1.49214702824668,-0.0238562162543469,1.0
0.182644223630763,0.33601652477182,1.0
0.692873649690777,0.403136678607776,1.0
-0.660055334348979,0.475732277567115,1.0
0.261505992810423,1.16297858871208,1.0
-0.451167387186425,-1.65189593774777,1.0
0.161799432017203,1.1675053176235,1.0
-0.0625258621301587,-1.87399639838325,1.0
-0.88732232430062,-0.876944629313105,1.0
-0.0470518641760873,1.25785484578383,1.0
-0.669591867998828,-0.668504341980951,1.0
0.843902593399409,-0.399041093758382,1.0
0.408692745614011,-0.679248553053123,1.0
-0.560728438142329,1.18655279114742,1.0
-0.137634027094946,-1.03398644951905,1.0
1.04007833358493,-1.75937990083116,1.0
0.356199482510303,1.25732778932003,1.0
-0.635054821483638,-1.32412398442754,1.0
1.10784200097453,0.210146394005506,1.0
-1.59159715365314,-0.421490252689775,1.0
-1.96812178512493,-0.706762043888888,1.0
0.86043107920142,-0.24623548592977,1.0
-0.282485991127431,0.795479964786653,1.0
-0.285260360485045,1.16490736787198,1.0
0.913438018654865,1.56234500901227,1.0
-1.62384431083971,0.81626192468117,1.0
-0.0521288731530956,0.959518581465966,1.0
-0.542898614537373,1.93453602825497,1.0
0.466417609922504,-0.759224020626275,1.0
1.20137621456959,0.642138228527601,1.0
0.164383364437358,0.921409531387604,1.0
-1.19592735700421,-0.518719727483085,1.0
-1.09396479902945,0.029479386811934,1.0
-0.513860042126639,-1.17815556837929,1.0
0.728690244074535,0.933564645558862,1.0
0.19343887043362,-0.491788000690235,1.0
-0.393472571516307,-2.5141240519382,1.0
-1.11227494670331,1.13773397584227,1.0
-0.0144792430265145,0.997716949509096,1.0
0.319086974412682,-0.495452596982657,1.0
-0.27907890305429,-0.338259740101168,1.0
-0.479812343218867,-1.80343408304229,1.0
-1.37035284847206,1.25698374936081,1.0
0.214886027195887,0.673642235987784,1.0
-0.406241459843201,-0.306760890201416,1.0
-0.631737251401724,-1.6092074699896,1.0
1.63611288909095,-1.15769488058879,1.0
1.81182615157872,1.51681217872138,1.0
0.847650893164185,-0.118582115780122,1.0
-1.53971827356236,0.761036600701877,1.0
-0.127687739976337,0.870501600016631,1.0
0.526515184852255,-0.635102239727546,1.0
0.603285095191064,-0.44346980454147,1.0
0.977816440174134,0.162022024889703,1.0
0.469653834992919,0.581550822508064,1.0
0.148224034551552,-2.36545739258842,1.0
-0.187663555585938,-0.647500226202075,1.0
-1.79797318243605,0.0199697023562031,1.0
-0.827886173773261,-0.973037585116837,1.0
0.884720463257257,-0.134388824524797,1.0
1.01393681486408,1.01831454821345,1.0
-0.723679628468717,2.15133674122726,1.0
-1.16179226490389,0.439017053095839,1.0
0.202766942667553,-0.0489925769069071,1.0
0.209024381400617,1.03844671870628,1.0
0.525900323883079,-1.7134258188494,1.0
1.05196794883975,0.228444317151318,1.0
0.4467518208992,1.10938265889442,1.0
1.0604310102324,-0.222740353585555,1.0
-0.104523547904044,0.41575600959702,1.0
0.892898216146043,-1.09133572881403,1.0
-0.102861176514226,-0.480872131829641,1.0
-0.155830010570447,0.513376960716117,1.0
-1.91038081125499,-1.02520108213368,1.0
-0.871819325966032,-1.1835817217972,1.0
1.05332773803162,-0.819001771821394,1.0
0.344530252038604,-1.99241978745347,1.0
0.255965939126885,0.0194567046035261,1.0
0.823427730549835,-0.711870699895517,1.0
-0.540219744608032,0.108393910989245,1.0
-1.38147969644612,-0.479339706951504,1.0
1.0630725308349,1.3435460587356,1.0
0.410954485372047,-0.284482821464665,1.0
-1.37959747692511,-0.735453175051994,1.0
-1.54318634171364,0.362158502099697,1.0
-0.0655627204695394,-0.440579296077994,1.0
-1.00614835597459,-0.374120275118881,1.0
0.66017735100938,-1.19497829295318,1.0
0.626853768801865,-1.80986176449627,1.0
-1.08777611044408,-0.404274567614353,1.0
-0.197487244108783,0.846349760035393,1.0
-0.748156840111494,-0.520563046160092,1.0
-0.430771636066532,-0.395840202413263,1.0
-0.0531705787832267,-0.752460413632434,1.0
-0.738740013823067,-0.82554703615996,1.0
2.77440270330602,-1.05013673388622,1.0
1.26050090835795,1.27749280554707,1.0
2.51969263564262,0.194193383938284,1.0
-1.00717269051148,-0.669997775494511,1.0
-0.193321884522738,-0.609038408006648,1.0
-0.299609354326194,-1.99752457697378,1.0
-0.751979769366129,1.27180573313045,1.0
-2.57822476841332,-0.152978347065952,1.0
0.19783302141685,-0.922049625795676,1.0
0.0143280889547132,2.26813203976758,1.0
0.419713243484537,0.720065717517541,1.0
1.12703176539849,1.04735782211269,1.0
0.287995914599733,-0.39053702862503,1.0
1.54087452303958,-0.229981418262964,1.0
-0.510701001482058,-0.677436783958447,1.0
0.946050956616482,-0.0988374478547979,1.0
0.413161308767423,0.999559734732945,1.0
-0.266585768192658,1.73803120607991,1.0
-0.933546441973822,0.643400757588362,1.0
0.156397698044656,-0.273207130544847,1.0
1.96284996372657,-1.14742260562381,1.0
0.338752770048331,-0.0865383930086856,1.0
1.23837516797664,0.62884749111181,1.0
0.945804617352723,-1.6048404054211,1.0
-0.319468353781582,-1.73217669859802,1.0
-1.84033160429505,-1.25549564883626,1.0
1.6605602438424,1.02307459720916,1.0
-1.20098209424441,-0.973808335289201,1.0
-0.979501578753896,-1.11428202266003,1.0
-0.544930930290004,1.60769511562312,1.0
-2.21941046888644,-0.162009283358582,1.0
1.88458836131651,0.837751888877282,1.0
-0.166905530096997,0.613671475277086,1.0
-2.34486748112625,0.757784151371567,1.0
-0.292289670999224,0.935132793993547,1.0
0.0943184151700285,0.42546691401088,1.0
1.03427318325794,-0.703446572201745,1.0
-2.53353965848515,0.995631046188969,1.0
1.22906279982653,0.407560933660359,1.0
1.10886991162366,-0.361274484537634,1.0
0.630265777331553,-0.469925656574655,1.0
0.902708532723583,0.317304487389793,1.0
1.67470792526352,-0.675652838976152,1.0
0.653974151081213,0.96412655968252,1.0
-1.44991067255922,-1.01799737880021,1.0
0.658823255719716,0.0644775994697044,1.0
-0.138064257590405,-1.03610102457687,1.0
0.0968981230385242,-1.39218774707526,1.0
-0.463612535997884,-0.423905605898456,1.0
-0.198171693726977,1.82862180989166,1.0
0.037788564091362,0.138286846235035,1.0
-1.56634098508574,0.602793948679689,1.0
1.20296531400841,1.74446660156356,1.0
-1.41682044892325,-0.684512240458685,1.0
0.65437227784,-1.03440016088817,1.0
1.25474383390041,-0.453468357388227,1.0
0.655141090727116,0.186118250641199,1.0
-0.815148691189111,-0.18575512296524,1.0
0.561901226101416,-0.202185579163292,1.0
-0.0965291623770667,0.598085684629219,1.0
-0.830426300814351,2.07107187464957,1.0
-2.84322369604606,-0.540362618768317,1.0
-0.637675947283733,-0.502338712913037,1.0
1.27746566295288,0.786237011725062,1.0
-0.206613074161894,-0.859658918012398,1.0
0.399922443088462,1.05572490154913,1.0
-0.679949100189363,0.678598016937539,1.0
0.195942382632968,-1.0131551403056,1.0
-0.129186200890999,0.0697370675115365,1.0
0.455134730300931,-0.611025848692258,1.0
-0.323196780290931,0.274466462777433,1.0
-1.75814381112372,0.415391847853899,1.0
1.65752587657794,-1.35165310481194,1.0
0.0724053498983567,1.41893205996473,1.0
1.56168815475713,2.01294942834841,1.0
1.64489008907157,-1.78408895703157,1.0
-1.27238031239415,-0.424190686859604,1.0
-0.169758637948033,-0.287242780785631,1.0
-0.00880169448120627,0.952788765260131,1.0
0.625416981797186,1.57371483953618,1.0
0.169053575404298,-0.944259080578735,1.0
0.461286929753639,0.754171949999519,1.0
1.29800790160242,-1.1882547677338,1.0
-0.129299248644818,-0.0695078437961358,1.0
0.425316181919299,0.423045558320978,1.0
0.689678018856065,0.38773194104898,1.0
-0.719881045677132,0.5051716255268,1.0
0.025002633854951,-0.0142404631395682,1.0
-1.1910787729436,0.105287521556698,1.0
-2.0902879126568,0.868109487798431,1.0
0.406920949816108,0.714385119634976,1.0
0.717928795727758,0.868303525101378,1.0
0.758225330069126,-1.17874013584173,1.0
1.03394437586037,-1.6215446089779,1.0
-0.113518723668799,0.571648149389816,1.0
0.0444489410949563,0.331474914109813,1.0
-0.36542829175515,0.0844603174995124,1.0
0.498312966029478,1.58489881951931,1.0
1.47562110896458,1.1419147357131,1.0
0.923699718273073,-1.35238543142068,1.0
0.319769326639841,-0.161949703835975,1.0
2.38419185433408,-1.22773381992825,1.0
1.67622540985869,-0.808465693280332,1.0
-1.18196492728151,0.357118124475001,1.0
1.08671017459218,0.602699894904838,1.0
-0.0753098751005893,0.250279042639578,1.0
0.420816831463992,0.220123212754366,1.0
-0.0520162865031813,2.71336478210263,1.0
-0.542068108269193,-0.282417558950304,1.0
-1.06774196479534,0.886748365919865,1.0
-2.23486859518442,0.331160874951649,1.0
0.776767783974536,1.97683976656366,1.0
-1.51230959585467,-0.592803621717091,1.0
0.761104417214892,0.691035310906601,1.0
-0.16861921257761,-2.01267551063306,1.0
0.0925843017601505,-1.39440286294597,1.0
-0.335799376661815,-0.900861802981435,1.0
1.14229691301857,-0.332096863213568,1.0
1.19052772722821,0.647135629496336,1.0
0.769952628983812,0.00571869556480775,1.0
-0.0396757976592685,1.32620784539887,1.0
0.846352021258131,-1.28066820801125,1.0
-1.29319063420998,-1.48890876789754,1.0
1.31564069780193,0.040628853894707,1.0
-0.805043719138005,0.182261943151885,1.0
0.615004543563571,0.207474438868625,1.0
-1.02527681560758,0.256851706288613,1.0
-0.42530402764223,-0.613609946295178,1.0
-0.479316753932829,0.0111314109387508,1.0
-0.91901236488563,-1.08718231688222,1.0
0.526530046407302,-0.712838296912265,1.0
0.160482020724256,0.735694152231514,1.0
-0.0478780820375245,-0.362444063967712,1.0
-0.317722765125001,0.139300253852541,1.0
-0.103356250309016,-0.287166050813671,1.0
0.921060404930346,-1.18285914119541,1.0
-0.146952825746026,-0.645753330465427,1.0
1.0996859446229,0.461895536354062,1.0
0.515649042547961,-0.0499236131354404,1.0
1.15326701911758,0.340460553296415,1.0
-1.69137084766491,-0.561811966875045,1.0
-0.537408487910948,0.786128343195693,1.0
1.34410712607352,-0.0850711050018647,1.0
-0.799634573024674,-0.0854545522344731,1.0
0.622856699291046,-0.452883039599746,1.0
1.31971276870941,1.1040786479152,1.0
-1.41943063898007,-0.823045556266867,1.0
0.516392553948165,1.63854699583821,1.0
-1.10866401264909,0.565146161655363,1.0
-1.60721844020007,-0.385904976706853,1.0
0.519178325642892,-0.248886363657854,1.0
-0.684056435441192,-0.147972865120699,1.0
-1.31563127295085,0.456650149696909,1.0
-0.660752906172602,0.771789829912884,1.0
1.48085198965308,-0.265244762646484,1.0
-0.941808895103163,1.02473644259262,1.0
0.972478240519553,2.0325408737009,1.0
1.13167262325699,-0.110671616550137,1.0
-0.988840984733637,0.587622041677598,1.0
-0.660480130899817,-0.603574029970699,1.0
-2.54676547228925,0.743376151981725,1.0
-0.452779237126615,-1.26287771896791,1.0
0.860613037169782,-1.14789098815766,1.0
0.20653999161481,-0.502960245348216,1.0
-0.631735704734209,1.38815094833161,1.0
-0.650974768019982,0.0340621985023298,1.0
1.07270761973569,0.331627332353053,1.0
-1.33291422899321,0.749882026270739,1.0
-0.404986371826015,0.184411291772378,1.0
-0.664061383304167,-0.133147451274978,1.0
-0.931708353754695,-0.126917070737305,1.0
-0.932827862949658,-0.508294862416309,1.0
-0.699977619710278,0.822546698728909,1.0
-0.94144464298685,1.8081841497552,1.0
-0.00791499727398716,-0.727543590917313,1.0
0.445378565948837,-0.919579185444817,1.0
0.618142393882611,0.538286148450088,1.0
-1.20445842206265,-1.82926721080124,1.0
-0.349442281938309,2.12403498762405,1.0
0.0503519315801253,-1.04139230556933,1.0
-1.08888012791264,-0.843095558085898,1.0
0.119513237664125,-0.576964952073649,1.0
-0.863425962771503,-1.24870710595472,1.0
-0.478419735438862,0.0886233309130156,1.0
-0.550889532545469,-1.11980366747178,1.0
-0.674443040777171,1.55603658727517,1.0
-0.0258813345635609,-0.269023452811481,1.0
0.00448389917037946,0.226436955216374,1.0
-0.249945148603307,-1.07584079808804,1.0
-0.331407073180938,-0.381094602536626,1.0
-1.56918066308827,-0.414955102491428,1.0
0.629965254267908,-1.2156539941545,1.0
0.146938198991144,-0.133232316097266,1.0
0.312151789482536,0.231609250903858,1.0
-0.785958329207698,-0.234627669743434,1.0
-0.0587157506145591,0.463927413378933,1.0
-0.484680544879962,6.21642277849257,2.0
0.737342904985498,6.52901481239854,2.0
1.31764050593737,9.19610474302204,2.0
0.610845522451412,2.74654190172567,2.0
1.0602714193235,5.82599219062877,2.0
-0.271025532665868,4.60866519269163,2.0
0.480599767654982,5.76829013900128,2.0
-1.15123014576584,5.84979588144893,2.0
-0.691460165945098,5.28115604269041,2.0
-0.792938439984827,7.49728919195846,2.0
-0.472164667772703,4.60115427488108,2.0
0.614933503786697,4.12659336918293,2.0
-1.28348442687361,9.6240169110098,2.0
1.47263598840625,8.83073149910214,2.0
0.879090034648008,8.31886333096797,2.0
1.92340391603222,11.1665816009734,2.0
0.121297697280397,9.85618472483375,2.0
0.45212248772547,5.01684436710325,2.0
1.51374311908824,7.72685833335199,2.0
0.113565735264003,7.19032530775266,2.0
-0.222393140931744,5.98603715242089,2.0
-0.706992648161236,8.63120298993077,2.0
-0.469177256142784,8.1017559341881,2.0
0.778856892459288,8.22843873574423,2.0
0.0464883755516863,3.7216856045364,2.0
0.139522521211399,6.96415371263479,2.0
-1.38081942593971,3.40989315024024,2.0
0.182805477412276,5.25865440684383,2.0
1.87857040722629,5.1230452059835,2.0
0.754804170266752,6.18246811793123,2.0
0.949789160464642,4.71440533993921,2.0
-0.0267954233894763,9.72147384922265,2.0
-1.71504042199688,3.6932570619767,2.0
-2.33471004097728,6.85792754620371,2.0
0.685877753845871,7.46236725512321,2.0
-0.983726287768541,5.01047962417204,2.0
0.44009307810206,6.73259470886464,2.0
0.755712928297109,6.24313064750913,2.0
0.595477311414294,2.65856912868618,2.0
1.03359863732638,5.74347573904458,2.0
1.20521540196228,10.1158780673543,2.0
-0.287072663457633,3.98576722612943,2.0
0.8703991035941,3.14413487067157,2.0
1.87725126470526,6.22882179418246,2.0
-2.97957712564628,4.94997489210075,2.0
-1.2491632406487,9.44568173736817,2.0
1.07297224792392,5.0504358801236,2.0
-0.432679372256279,2.85653863895347,2.0
-1.06793713159694,6.83555966640699,2.0
0.423024635030762,4.99151729864261,2.0
0.188891220128056,1.91513980751772,2.0
2.29957855593735,7.2042649770427,2.0
-0.432722290100711,5.83604667371298,2.0
0.513137536121674,6.0002178595295,2.0
-1.68707768409984,3.96260407762481,2.0
-0.687904306634916,7.50697984964559,2.0
-1.04524349890623,5.8315436747939,2.0
1.3430504874114,7.47574606796408,2.0
0.114161070368347,3.69538509009285,2.0
-0.48892141175653,9.9938414736407,2.0
-1.02992971074612,5.10144882721767,2.0
0.679733092291711,6.12224128794676,2.0
-1.78168512252772,4.44219415823925,2.0
1.10841551947173,0.809826889768027,2.0
0.240379781553238,11.3548132759692,2.0
-0.0555494762342227,6.14641593325125,2.0
-1.35705482833232,3.93059156636252,2.0
-2.33795081145851,5.95531181524278,2.0
0.266751883053658,5.19029313983374,2.0
-2.13307662186752,6.66205804247298,2.0
-0.0302561498147974,4.42510288052793,2.0
-0.0617570528346412,4.69850455347547,2.0
0.0251442212354898,4.70539544942351,2.0
0.0445340315003364,3.81432595651209,2.0
-0.664670327755326,4.10894370927538,2.0
-0.159025782987608,5.77220331568838,2.0
-0.243195483880197,8.1558703888361,2.0
0.784496756564593,2.37775874420066,2.0
-0.512573071272982,7.37049733439316,2.0
-1.15223820177729,9.33629879533745,2.0
-1.28179030121212,4.78163474561913,2.0
-1.37126374089868,7.03782902717685,2.0
1.01204549147543,5.58823192700919,2.0
-0.704766516611475,0.753093725559793,2.0
-0.465840483749377,6.66385329903092,2.0
-0.677349453625763,4.05064734875763,2.0
-0.500957906878932,4.5786445961286,2.0
-0.804844807073594,3.42574602420475,2.0
0.934208475807774,6.1233311821147,2.0
-0.431460357364588,7.20050176707777,2.0
0.901340812559861,3.83637980596177,2.0
-0.5109791926216,5.54241125155376,2.0
-0.265642105725161,4.964206190238,2.0
0.658107576861553,7.42662377657238,2.0
1.64017979054324,6.99722197663881,2.0
0.976986656472511,5.43430101120634,2.0
1.39237780192702,6.53184163901841,2.0
-0.0772003313956825,4.75437099145179,2.0
-0.688470530383388,6.73568617260808,2.0
0.261892005769165,4.13667035140785,2.0
-1.12861587995265,7.2086516179446,2.0
0.965646248007031,5.22050140780112,2.0
-1.36178293882454,5.90663213779944,2.0
0.318969512380783,7.72945807704083,2.0
-0.178769247162191,6.06388095041927,2.0
0.00706035868074639,5.07824264063699,2.0
1.62607607507216,6.25433870253838,2.0
0.651769346907816,6.51730116924376,2.0
0.0622587274866813,6.6629664414066,2.0
1.04554911563484,4.88348673310061,2.0
0.269444204147106,4.13599481321861,2.0
0.233288482076063,7.89814475235216,2.0
0.507118585280466,5.19483442994942,2.0
-0.449760897224305,6.50096350096622,2.0
0.143105599733476,2.1452157647042,2.0
-0.770045852787616,6.20752609477129,2.0
-1.97764586739574,8.9516986764558,2.0
-0.840246919983134,5.26830474222169,2.0
-0.677175549021427,5.83370636334736,2.0
0.89907501457514,7.66454794336001,2.0
-0.389596201270305,8.60582857422173,2.0
0.9990540876271,6.24562326475143,2.0
0.797063307579231,8.49613310285077,2.0
-0.468338444480064,5.8907656185305,2.0
-0.921062699495156,3.33647924410394,2.0
-0.401401246872318,5.37497198918239,2.0
-1.21124180636743,6.56098578401023,2.0
1.22033083796495,6.26269079892944,2.0
0.489694114684168,5.97316541925861,2.0
-0.0376231226272725,5.92846585753744,2.0
1.99843406269389,7.14581886654137,2.0
0.23567292267643,5.76851045496792,2.0
1.13066649378719,1.76006545462515,2.0
-0.509653857682602,5.6798968576502,2.0
-0.425166990170222,4.87279892244778,2.0
-0.659651847519786,7.39081868901122,2.0
-1.65684536140666,4.94751287252647,2.0
-0.549747918864291,2.42382515757982,2.0
-0.723683269080522,4.74680519864444,2.0
-0.208409141354759,6.0456733442925,2.0
-0.439816301778245,9.41277944589468,2.0
1.22739201128968,6.56998549142338,2.0
-0.631893942589536,6.54279763929369,2.0
-0.688405825813722,7.29463181057274,2.0
1.68944418672528,8.75904033593691,2.0
-0.286531922158002,10.4539223988591,2.0
0.126133199250934,5.23006956593673,2.0
1.43337122601953,2.34018482041131,2.0
-0.290861308952875,5.83435279644143,2.0
1.54254641763595,5.571854947741,2.0
-0.188386181361206,5.24669279203712,2.0
0.856138544618607,2.44891791307936,2.0
-1.4355489486211,3.02651571414832,2.0
-0.0161771389276517,5.25948164323868,2.0
0.798219759324313,3.95154055399551,2.0
-0.686601015888339,9.02543771695095,2.0
-1.14138425589188,8.92303385373106,2.0
0.173006977924011,8.90545617197491,2.0
0.14139136700874,7.62062021353232,2.0
-1.57773285983536,8.06566783950004,2.0
-1.36296186508612,8.81248525423439,2.0
1.10141738727393,2.6063779091552,2.0
0.57961084323965,10.3755901481571,2.0
0.0703982735740168,5.49031146409878,2.0
0.476287333455335,4.47705071085647,2.0
0.760722356138319,5.95667703876168,2.0
0.404250882746384,6.22339442124218,2.0
1.18093630067466,5.17228726085289,2.0
0.480354594985207,6.61414888901114,2.0
-2.07485916370505,2.83440523430026,2.0
-0.387995204047038,5.52079427268344,2.0
0.57616709019659,8.23872046936401,2.0
-0.61602612244796,5.27692102999367,2.0
-1.09288371332933,6.53306463397439,2.0
1.38684767121464,4.77047555542506,2.0
0.83583560570334,4.61220220469546,2.0
-0.512107642852344,5.45025712418082,2.0
-1.07457796022912,9.16875025015359,2.0
1.79046977009799,5.84126132867062,2.0
0.659876580222513,7.59389615780464,2.0
-0.203521157273675,4.98828128153935,2.0
-1.29979361247396,5.85394701168807,2.0
0.916346328316059,3.2780559695998,2.0
1.66995977981522,6.59807616739575,2.0
-0.518806870589207,8.69208451941569,2.0
0.235339555450697,4.75280373161738,2.0
0.687921281535145,8.2651235628062,2.0
-2.36741268795267,5.70974294585471,2.0
0.477633958412511,8.47800123036341,2.0
0.171681846875096,5.17362953576222,2.0
-0.35826052716986,7.84175776425766,2.0
1.92936600849405,4.06936915838385,2.0
0.495298019587797,4.5109336287791,2.0
1.69343001278806,5.59666729946602,2.0
1.81105191522048,7.80017674183845,2.0
0.0120369562479433,6.13437989704942,2.0
-1.35587031834132,5.09543236257611,2.0
1.05700712315876,6.2845782695776,2.0
0.110558275361712,2.83394927351946,2.0
0.0251172880598136,5.80490113993043,2.0
2.0293534362048,6.97842746664163,2.0
0.620757658235027,9.25584023053855,2.0
-0.549396880625381,5.94357493482536,2.0
2.02964413221311,5.45144965930336,2.0
0.393263629274566,7.22080608147673,2.0
0.187767227047191,6.84529330507041,2.0
-0.438321152080045,9.52033821691991,2.0
0.715674275634101,5.07863308207538,2.0
-2.67416611312864,9.86848266568995,2.0
-0.189848687267985,6.15025584508963,2.0
0.427719529869678,7.71908215272924,2.0
-0.572371832328432,5.86119506053253,2.0
-1.49288841594528,5.42490758773704,2.0
0.648755423579811,4.16140363144107,2.0
-1.16259938929584,2.3882926660773,2.0
-0.351513693454996,6.69678683340494,2.0
0.149800447307552,6.35024110232162,2.0
-0.620307695936027,9.28727046637835,2.0
0.934192330045269,6.63523063037577,2.0
-0.718416727309709,4.56497271531771,2.0
1.26612054474156,6.74633421406279,2.0
-0.559792568035452,9.31033798881334,2.0
-0.285938350780082,5.21062569749875,2.0
-0.85415174605182,3.63062615176612,2.0
-0.728698377443024,6.23491459025089,2.0
0.858980829971565,3.43649181109769,2.0
-1.32299935394893,6.78159433735741,2.0
1.70530147215672,4.00186825171259,2.0
-1.21248264849629,3.5389116141234,2.0
-0.751638722621229,5.28773568522636,2.0
0.859947807684077,6.59875148366285,2.0
1.07734867444062,6.66734339368728,2.0
1.66649064143326,5.02276028067324,2.0
0.409368936409304,2.19135647153146,2.0
-0.298259082670436,6.93496524456321,2.0
-1.3423725192656,7.3548266996289,2.0
0.0567690240582586,7.92749174889028,2.0
0.674469946627434,9.35266414498218,2.0
0.378563596204813,8.01155312993463,2.0
1.89525260030615,9.44891365855445,2.0
2.3687120011663,1.78946145621646,2.0
0.424509988937863,2.00773590125384,2.0
1.17040574119634,3.18314805011932,2.0
0.846226557460673,3.08292515719839,2.0
-0.215994300293751,7.45250940071256,2.0
-2.25276435706569,9.13445196377224,2.0
-0.375113950621171,4.70799760018268,2.0
-2.1252547828123,6.17382095231676,2.0
-0.540678177385886,7.63414384003698,2.0
0.531709709552514,5.58885123687319,2.0
-0.208395481957775,5.22436680705739,2.0
1.36195716259413,3.60202781063389,2.0
-3.0675843656319,6.85407293487549,2.0
0.891450691996614,6.94863994311958,2.0
-1.46644479253244,2.64844679621447,2.0
2.17192597349202,4.51879766657393,2.0
0.0253583858314756,6.72291212910662,2.0
0.0132258875971179,5.7669873774759,2.0
1.35642186664452,5.67506062546742,2.0
-1.23377685216833,6.79468394265449,2.0
-1.51444563040441,5.07566270761681,2.0
0.79141110831716,6.44611773201318,2.0
2.47053643689727,5.2665374002468,2.0
0.942575001816039,6.63662819499382,2.0
0.558140823835601,7.24580408234029,2.0
0.50806532614546,6.27963893866806,2.0
-0.303896568598906,7.80033247269491,2.0
-0.177427512715403,1.33967268556834,2.0
0.181846806994695,7.76703164847122,2.0
2.39334570658494,7.16804765305969,2.0
-1.71536929982915,6.38158255147812,2.0
0.408959972384774,5.21482114239481,2.0
0.324688859105424,8.08915375815289,2.0
-1.07132465381623,11.6934909025546,2.0
0.329504989997233,6.7317897196588,2.0
0.208794833525136,8.27612872210646,2.0
-0.774576798768013,5.12844124855116,2.0
-0.0568302900924565,2.28910637409176,2.0
-1.28105010751899,6.70740731995721,2.0
-0.83529000259106,5.17304178017851,2.0
0.250303449659204,6.51613647461759,2.0
0.53519029714418,5.88827754369953,2.0
-1.06817411013383,3.33251881872415,2.0
-1.95416443843637,6.31625285211935,2.0
-0.615917505887273,6.69155627294281,2.0
-0.98151373234928,5.11429009515877,2.0
0.519718627051927,7.04243695580174,2.0
0.773009597890718,7.15361454892164,2.0
-0.270269010627654,1.91496020982617,2.0
-1.40104011654006,5.27071220860874,2.0
-0.290199658234517,2.75160495594513,2.0
-0.020949614908312,7.21741542555743,2.0
-0.025841903418187,6.97642908077591,2.0
-0.206935361840776,4.95607800064573,2.0
-0.852258176593703,3.84946638927122,2.0
2.99509332206469,8.78004511450896,2.0
0.100373435329947,3.68944507030709,2.0
0.468569377235733,5.24208279067327,2.0
0.0426769723396555,8.00665189631858,2.0
1.36809942050754,5.01148449313892,2.0
3.55645531304508,12.3509287207163,3.0
-1.20223398058595,11.9011426533944,3.0
-0.109403898392774,10.4481139157934,3.0
-2.46645268571521,12.0901192821048,3.0
1.43526421256851,11.96890695581,3.0
-1.18256436237086,13.0887893611914,3.0
-2.03442494664506,12.2756247399003,3.0
-2.34125096312022,11.3430694334701,3.0
-0.689212819997434,12.8935004224878,3.0
-0.0210379683043947,9.68154432922781,3.0
1.8460134447702,12.6943750018975,3.0
-1.62527354402055,12.8515025702189,3.0
-2.27230429865018,11.7729881835214,3.0
0.778902352005589,10.5285065177377,3.0
-0.98376073897385,11.8496482790892,3.0
1.98938693148042,9.97230807175684,3.0
-0.121719768884602,10.873216174624,3.0
2.0930950193487,13.6742389550861,3.0
1.09994706245059,11.8501727049483,3.0
-1.10303017552066,11.6689092023225,3.0
3.69795461721651,12.7186690216183,3.0
-0.17848706051222,12.8568852029004,3.0
-0.555514085970365,11.6123357692663,3.0
-0.332007107904607,12.0593280022393,3.0
2.99299116997449,12.5655958984444,3.0
-0.115258264107846,12.8215370632373,3.0
2.07570790651629,9.40907602213819,3.0
0.302743377277482,11.773030835295,3.0
3.41658573133822,10.8341950422686,3.0
-2.34609356645724,13.0480376423655,3.0
0.622957018022564,12.5181000790201,3.0
2.84384218392054,11.0788177518005,3.0
1.05696846149177,13.5369023293908,3.0
0.367354270676773,11.1874983691267,3.0
0.673646986858875,13.7542418484207,3.0
3.2745557025319,11.9029737140794,3.0
-3.18058853931048,11.7941212561692,3.0
0.335406029153334,11.1240803709518,3.0
1.16554488254192,11.6893308182863,3.0
1.57275043676308,12.1915610800437,3.0
2.47648204071821,11.7712967333147,3.0
-6.30480936024256,12.9486675755106,3.0
2.09879764381768,12.0945881337304,3.0
0.269333878035645,10.8845573921731,3.0
-1.97593733960178,10.8993958176395,3.0
3.85858430706131,11.6883681516906,3.0
0.676260081567184,12.180215994725,3.0
1.35792196124173,12.3792022436204,3.0
1.70218970880114,11.8061164957434,3.0
-3.06754681846738,11.6614226775131,3.0
-3.01082264689245,11.6159409852355,3.0
1.71902035018748,13.7967782274299,3.0
1.54573656479143,12.3154116507733,3.0
1.18348639600892,11.9743667896795,3.0
-0.630987707649822,12.055363509748,3.0
1.13499332299413,11.0760853880429,3.0
0.220696576579002,10.5886545042733,3.0
1.48603469543751,11.6523133792935,3.0
-0.129562626752955,12.6514572394977,3.0
2.31791084313127,11.3762396251739,3.0
-1.08613595442346,12.1057463536023,3.0
-2.48574465861226,11.8360121249086,3.0
0.538246223039435,13.0553506680247,3.0
-2.58071222217325,12.9334923013851,3.0
-0.995749723315808,13.6034079664702,3.0
1.09764569514467,11.9479052747949,3.0
-1.71540837170992,11.9243019656095,3.0
1.92092231139212,11.8659714737414,3.0
-1.25966736955912,12.908399551576,3.0
-0.727402751616668,10.7552927281934,3.0
-1.33770461074836,15.1026586759665,3.0
-2.44550378173054,11.8618799878314,3.0
-1.67221277608084,12.6083447010137,3.0
-0.728548233041247,11.1043806559065,3.0
-2.62483246390015,12.6338802320779,3.0
4.41869880685184,14.5041249108215,3.0
4.85604927592569,13.0938755347207,3.0
-1.65011878404803,11.8694952880075,3.0
0.00388277850007837,11.6590871905025,3.0
-1.23336546119057,10.5130809113836,3.0
-2.20393356125945,11.9020197080212,3.0
-3.77656171947405,12.2296471036883,3.0
2.34564459299679,11.979817726082,3.0
0.59547647343412,12.9270375178796,3.0
-0.267288786710113,11.6678821077976,3.0
0.404152376788878,10.961026393464,3.0
-2.88123161702352,11.8020650827889,3.0
-2.69447413192804,12.3331874462475,3.0
-0.706566223021752,9.27082605335989,3.0
1.72542052415489,12.7801823848339,3.0
-1.78564921739682,11.3488128477799,3.0
-0.438392811305846,11.4587830481181,3.0
-0.775760055444821,12.0633553913199,3.0
-3.14891111070783,11.8539074209984,3.0
0.528117618714738,11.1609043559507,3.0
1.76286737379199,11.6635316205987,3.0
0.568432258807554,13.3401319053062,3.0
-1.19930360709136,12.5784211205887,3.0
-0.498535844577002,11.8576911753577,3.0
2.09098462709194,12.3695193490145,3.0
-1.27700415745517,12.7265710636083,3.0
-0.564159504467527,11.7982063833573,3.0
-1.16658344819452,11.7966975987101,3.0
-5.2303928773158,12.1915439498016,3.0
-0.762910480031504,11.0064249625503,3.0
0.808461269212798,13.188185610586,3.0
-1.3459899395911,11.8497027830736,3.0
0.276160078009691,12.0175278850815,3.0
1.27449431896007,12.7480787143032,3.0
0.926419398050394,13.8058505172521,3.0
-2.4578418586184,12.1526217274985,3.0
-2.61308553539662,9.91708763095932,3.0
3.05759791357531,12.9272438381926,3.0
-3.15368292846917,12.3751972994488,3.0
0.729009804684896,13.8267358011815,3.0
-1.11658090765645,11.7872970054829,3.0
-3.59387013556017,12.4274161764063,3.0
2.02289313061839,12.2952936647148,3.0
-2.19594937933239,11.5241331833817,3.0
1.51936994339882,13.1287523348234,3.0
3.0288737107026,12.3200719155333,3.0
-1.05722267677378,13.8624904003249,3.0
0.985820292957578,10.333298373892,3.0
1.01695719672809,12.6703611005098,3.0
-3.06256643108877,11.8317107570496,3.0
-2.87684835670383,12.9774683350733,3.0
0.0694508067247046,12.1575675515208,3.0
4.25087803577977,11.3211252985692,3.0
-1.39657090256124,10.1297303308229,3.0
-1.07200060000976,12.1537958566395,3.0
-1.9253767608035,12.4374758014202,3.0
1.46289682608498,11.6170437554861,3.0
-4.21958499641661,13.0527230359528,3.0
-0.816993181347223,12.2633276892035,3.0
-0.728013648008302,13.0930168055786,3.0
-0.157055312848457,14.0580426293102,3.0
-4.20967610556879,11.2008791809991,3.0
0.903202779280814,11.5028907550237,3.0
-0.913959960651289,11.6550500575209,3.0
3.48751162049477,11.2250628569946,3.0
1.56608727387173,12.8281974104125,3.0
1.89466286317001,11.3540396912127,3.0
0.144314721953092,12.4145832241955,3.0
0.347711810891601,11.6460261625076,3.0
1.7640657489217,11.3644787173768,3.0
0.0387029890895749,11.5995475452587,3.0
4.51738502749298,12.1391891224936,3.0
1.16885880468789,12.5734465038531,3.0
0.903792213296159,12.5224315620118,3.0
1.58291909353543,12.2235270951734,3.0
-1.10863433984457,11.9259570771795,3.0
-0.792106871518736,12.0664780132708,3.0
3.92872841388687,11.5021543133136,3.0
1.13469903318085,11.7696974410237,3.0
-0.672947856384936,12.193099818903,3.0
-0.351905190019522,12.4317445913207,3.0
0.739377223034072,11.4660516052056,3.0
-0.441571034511341,10.5251615946073,3.0
-1.67336140684294,13.070554772891,3.0
-2.03389860739083,13.1320629608139,3.0
0.019461123281997,12.7716962801169,3.0
-0.0153687007958518,11.7457795511031,3.0
-0.4243419535905,11.551496588935,3.0
3.45473247908267,13.1681263860133,3.0
-2.90564119140995,10.5765467272359,3.0
-0.0559783157227705,11.4835742761391,3.0
0.489542391725658,12.4006911930102,3.0
0.545005024765445,12.1742452200936,3.0
-0.197654332756179,12.2709653725373,3.0
2.55526452792785,13.4528861920053,3.0
0.845407860572817,10.936566573817,3.0
2.02991322038873,12.9778605656609,3.0
1.11236024767806,11.5697222967188,3.0
1.68661667057372,11.3159735391678,3.0
2.61167475483772,12.2869628374045,3.0
0.424378868620246,11.7513863859079,3.0
0.260755945152504,11.8630013432974,3.0
0.778459531152167,10.8736576844385,3.0
0.562207335497502,11.3434843439474,3.0
-0.901994929700274,10.8836984532463,3.0
-1.97975331084245,11.725636982986,3.0
-0.703166695803613,12.8505956973059,3.0
-1.84773417529545,12.806149013858,3.0
-3.05172874484629,11.8236662053258,3.0
2.42707780034075,10.885466070976,3.0
1.30057785349813,11.9238907739162,3.0
-2.8924190361046,12.2250308047688,3.0
0.592485502136972,11.7263855624937,3.0
-0.470021218997794,11.5628268456538,3.0
0.575130351681505,12.0169321920153,3.0
2.8288061463482,13.9295733498961,3.0
-2.20013465523339,12.5349663118554,3.0
-1.79361397731271,12.3013516131875,3.0
-1.55767358738964,12.565001783998,3.0
3.0647127947648,13.7166101939466,3.0
2.25824798570503,11.8890605533095,3.0
-1.48319780152129,12.8101472481346,3.0
-0.347963759310849,12.0135181490554,3.0
-0.0151107929293373,15.1199372320337,3.0
0.319184792321328,11.9677876232761,3.0
1.60575381743669,12.5767080816614,3.0
-0.623630099760492,11.3325920435424,3.0
-2.15299445108448,11.8205150630622,3.0
0.674846685746801,12.1856442365341,3.0
1.80115466416956,11.4335863247769,3.0
-1.46782050530053,12.8335648960709,3.0
0.421228205244185,11.9376960437497,3.0
0.168947288583481,9.44201154765002,3.0
-3.90898483777309,11.0981125189752,3.0
-1.15957378681295,11.877582178108,3.0
-1.09471532924703,12.9727019485588,3.0
1.58086298720503,13.3798077164843,3.0
-0.116394592317672,12.2876875595065,3.0
1.49750163441275,12.4529998837289,3.0
-0.204438753972806,12.2239543843945,3.0
-4.4496038342213,10.3507966582834,3.0
-1.3673801156758,12.9094368740631,3.0
-1.97521299370358,12.992023528701,3.0
-0.534504937427274,12.5488949799324,3.0
1.70196807605396,12.0904604277878,3.0
1.27442056260574,13.1132930118837,3.0
-3.39023716252782,11.4610569592909,3.0
-1.57423878951727,11.3070053245885,3.0
1.85215236551825,12.054412345944,3.0
-2.27611857881259,11.7668058167362,3.0
2.6958707842318,11.36159270123,3.0
0.80847490355858,12.6794999026157,3.0
-2.17828848126094,11.8900538775532,3.0
-0.516404914732738,12.6673671267645,3.0
1.94952922271075,12.3488979796069,3.0
-1.02344650267957,11.9606997580937,3.0
-1.00602124737707,10.7046188838516,3.0
-1.31424238809404,13.5661645333897,3.0
-3.00708615027488,11.9926419533986,3.0
0.571037989027978,11.9986690773969,3.0
1.37454181747648,12.4285520460175,3.0
1.67890650222993,11.5331767396807,3.0
2.63103619858872,11.4633651783122,3.0
-1.46949074389748,11.7764041446188,3.0
0.888601790330376,10.4204643385105,3.0
-0.816205427490446,12.077372495212,3.0
-0.0489511936882604,12.7932083340902,3.0
-1.70052347477396,12.1649747671861,3.0
0.624011775623324,11.0750836755453,3.0
1.87644700684755,12.9519435917198,3.0
0.882031346928496,10.7472450297093,3.0
1.1711919930714,13.4726472097659,3.0
2.02758857929028,12.2795256453441,3.0
-0.586651048972571,10.7503879345918,3.0
1.65713253542385,11.410071270734,3.0
-0.875861476383566,12.5197383565801,3.0
0.2433070764616,12.9207902588892,3.0
-0.0191065744727227,11.4442828471792,3.0
-0.906692005260972,11.9033577293119,3.0
2.2896436339574,10.2985532379808,3.0
-1.51854742342178,11.5768396874188,3.0
-0.878445413639717,12.6306579185473,3.0
0.0322889227429616,11.6624307609514,3.0
1.70499710036919,12.6095295399432,3.0
-1.88027949636421,11.3404933297714,3.0
-0.434520506809603,11.7452037020814,3.0
-0.433381914154526,12.4603136396547,3.0
0.989342235718844,13.6194205518815,3.0
2.33024424002431,13.1589252793214,3.0
3.97290046282195,13.2160150547009,3.0
1.75113242928465,12.1466878702786,3.0
2.42702662489623,11.5009271083261,3.0
-1.45745222986847,10.3519746218615,3.0
1.21356781287119,12.928844430597,3.0
-0.82797365299287,8.93618818674893,3.0
1.91553802626413,11.9617223815192,3.0
-1.25335804298468,10.6974963742288,3.0
-0.457584346191949,10.7479309012079,3.0
0.0827979605529396,11.8320897745773,3.0
0.688327227025832,12.0692844994237,3.0
-2.90219315594589,13.7573083999627,3.0
0.0181376633356147,13.8789204741022,3.0
-1.58408099035122,12.8254432966088,3.0
1.84325929138577,11.9169201164617,3.0
1.52834326417473,11.4294304811479,3.0
-4.4327074923243,12.314951270713,3.0
-2.01568376274425,12.1829840676446,3.0
4.43135848866433,10.3237366804234,3.0
2.1839459446468,11.9745369603299,3.0
0.0776081749469858,12.1958249038067,3.0
-3.15732406776626,10.1484161139299,3.0
-1.53523944780277,12.1214404065114,3.0
-0.127238686105432,11.3864315268946,3.0
3.0709826448008,10.6198700042557,3.0
-1.13038168443657,11.814401892964,3.0
0.911841868906722,12.1919880801018,3.0
-2.54093104394963,13.0254761725345,3.0
1.76356251448618,12.0333791982912,3.0
-2.08247987019187,14.562921493499,3.0
-0.163521581137209,12.7150158415936,3.0
0.114977165035549,12.3004566601585,3.0
-0.211347422236979,13.721371678793,3.0
-1.8031178223376,10.7488312151192,3.0
-3.12925704859112,10.7970033562172,3.0
0.979470496449282,13.2881857394305,3.0
16.5213971269339,10.2985485834609,4.0
13.1618067465599,11.0121518794056,4.0
12.6151510619025,12.2924819593893,4.0
8.74130935203554,10.9437490258294,4.0
13.4463112616938,13.3793018226666,4.0
11.8866276514205,12.3684216208597,4.0
14.3913084048025,11.5849171838438,4.0
15.5600328060266,9.85992432763914,4.0
15.7926588778287,12.6845498354823,4.0
14.6027855708824,11.7763627917058,4.0
14.1133997937392,13.9092573016579,4.0
15.4350108406497,12.0306602137061,4.0
11.7240910838147,12.4855574595204,4.0
6.24795936028902,11.0637413143054,4.0
10.8170436749648,12.665313669721,4.0
17.4095944822797,14.5068734249742,4.0
9.77357813096112,10.6059680773501,4.0
12.5449239452028,12.0593128398776,4.0
15.1256886554998,11.0726686288968,4.0
11.1216500164805,12.564779944097,4.0
8.30785497666596,11.7538244172397,4.0
12.226797588712,12.3841594616045,4.0
14.0152955116721,11.5323703724877,4.0
13.2381522628279,11.4505012410361,4.0
9.45851031376572,10.7653436257162,4.0
10.7766483658296,14.1847921435511,4.0
13.2347769557258,12.4152706768292,4.0
9.1236418114861,10.8830108630358,4.0
15.9051835670049,11.678514344739,4.0
13.5947415088959,12.003614184408,4.0
12.6823145329605,12.1143987950248,4.0
12.516325383656,12.7583769572313,4.0
11.5214601891703,11.0397233967635,4.0
12.0490249906755,12.5396271549981,4.0
8.49056127263213,10.6577317961058,4.0
14.8333485030586,12.3986913179077,4.0
13.4614839225928,12.6692172566514,4.0
10.9492962310189,11.6783616180011,4.0
7.34964053974886,13.2734955828532,4.0
11.1374181942699,10.8349411153232,4.0
12.1059684502508,12.2152905081707,4.0
13.3297800188157,10.4157277295216,4.0
10.9001466781637,11.5973985255725,4.0
12.940687220371,12.6328457527179,4.0
12.5302302401999,13.2922914350335,4.0
13.4581420499655,10.8679601751698,4.0
12.6832808982574,12.2870249763136,4.0
11.1666187849175,11.8880850532197,4.0
11.7648521571537,13.5732203783589,4.0
9.17237945483829,11.4487806137245,4.0
14.5069138490032,11.9967320816947,4.0
9.18974941214496,10.6219249613221,4.0
10.3487087274311,14.3077151317323,4.0
10.0340880097454,12.5686252124621,4.0
8.73381968459474,11.9679120586625,4.0
10.9202950841789,11.2202175132681,4.0
10.0890184149486,12.2095042359449,4.0
14.3424217296395,13.3656181387174,4.0
12.2319851111185,12.4433013584284,4.0
10.0820616179786,11.6169299143986,4.0
13.7018857970722,12.6219009037091,4.0
9.70908085677695,13.6983153890852,4.0
12.5662451311025,11.0428317271778,4.0
12.6113363703218,12.8765230990845,4.0
7.64032135137762,12.1102365269328,4.0
11.6525074617415,10.8282498078805,4.0
14.0527057976414,11.8255244251868,4.0
11.6158222896485,10.7308619585122,4.0
9.88268440329749,9.93332608218474,4.0
13.3287833677004,12.379139130104,4.0
9.46738651887664,12.4624242691788,4.0
9.39136696128081,12.374294292755,4.0
10.5215778451293,12.2818803511483,4.0
11.3913532864985,11.8634794230852,4.0
15.4600871161814,11.5690351469147,4.0
12.687792024414,12.9750639872535,4.0
12.5214050484408,13.5304386467204,4.0
12.9014093198748,12.907174926288,4.0
13.6636444540005,14.1696395389154,4.0
9.23540330078617,12.9946339208884,4.0
10.7573796315647,11.9387970959701,4.0
11.6903587589689,11.9497546710074,4.0
10.7307985581093,12.0119858835285,4.0
12.8779688753242,10.454001963546,4.0
11.3895503551026,12.3856623754794,4.0
12.4720463848361,11.5163299960855,4.0
12.2225214126573,12.1419292762706,4.0
12.9003756161831,11.9296414715539,4.0
10.886905820915,11.0970941502256,4.0
10.3609881169626,12.088539674598,4.0
8.01521395534985,13.6002628623581,4.0
16.4019429551974,12.4327928935029,4.0
12.3281938435084,11.7066721838295,4.0
10.5498714073728,12.5620607384485,4.0
9.74222975847629,11.8595130152593,4.0
9.15600198816378,12.2458869329314,4.0
12.8538090820131,11.5884352272042,4.0
12.113880367523,14.1410944086743,4.0
11.172036255637,12.9867365799198,4.0
11.4479721662666,12.3815621629181,4.0
11.7787362245839,11.2094381433354,4.0
15.8215804098316,10.9590833232163,4.0
11.5285861928185,12.5255946967926,4.0
10.4669154602616,9.4665863940444,4.0
12.5658407108083,10.2360975964972,4.0
13.7545347927093,11.1700194376383,4.0
15.7684929942603,11.7575148688079,4.0
9.06230376492395,10.1898081641801,4.0
12.8689009396982,11.6326295812807,4.0
14.0737515175752,11.3347689091045,4.0
11.3128945824408,13.1277320137883,4.0
10.3847763748882,11.8129957873349,4.0
12.3273332094681,12.3215715375314,4.0
11.4878953030051,12.369903667991,4.0
12.0264181893659,13.493190204735,4.0
9.83200327259869,13.6057003869731,4.0
10.2795104170924,11.6832908704107,4.0
12.6773943570355,12.4246196534648,4.0
13.2881210637102,11.2291336167165,4.0
11.7230175456183,12.1804184483201,4.0
12.2856682564822,12.605741882679,4.0
11.9143390980462,11.6487694907425,4.0
7.87881887525982,13.2025776532846,4.0
10.0716117790409,12.8220289286631,4.0
10.9797485830247,12.7538046609878,4.0
15.67365061558,11.5399980200368,4.0
9.91182026742464,11.3977130508117,4.0
14.7809077042364,12.4874506565677,4.0
13.3542187586607,10.8385558547298,4.0
11.9485993483476,11.3982244382371,4.0
10.7695724789546,12.412498117641,4.0
8.8840104317005,11.9109227053899,4.0
12.3983010174015,12.3574934784418,4.0
9.73242930164415,11.1329042688104,4.0
8.7540621323606,11.2225507614811,4.0
11.9740003688142,13.2508393513368,4.0
13.5380319773218,12.5872468009244,4.0
10.9188471286722,11.7066466511475,4.0
12.764453851644,11.7567522263359,4.0
12.3354516967511,13.1551590037528,4.0
16.4911267362454,12.4470717898561,4.0
14.3479240937339,13.0514927383856,4.0
9.64220964548727,13.4122581831009,4.0
11.739660959213,12.1652298294465,4.0
11.4076246135811,10.7132713460733,4.0
10.6269997084054,12.7331910991113,4.0
12.3137575852597,11.5882046318691,4.0
12.9538771624861,10.3577178124684,4.0
18.2801026405562,10.9921436393903,4.0
12.6606088946837,12.3166600434623,4.0
10.0207829159941,10.4973292411538,4.0
11.2433312795704,12.5329771042234,4.0
13.6717472239514,12.7478043443032,4.0
9.72308761568427,11.4664950481186,4.0
11.6351222339401,12.0089009798623,4.0
13.5695369749017,10.9352376590143,4.0
11.696918194006,12.1101116115802,4.0
13.3486673416097,12.6457623672447,4.0
10.5557506959602,10.6281855188443,4.0
11.3508133441647,12.6179923068206,4.0
8.82065440549429,13.642694166871,4.0
12.3909995365685,13.8093274764211,4.0
14.0871097961356,12.2610276936245,4.0
12.5401772133239,12.6631143047265,4.0
14.2694685374126,11.2370081153915,4.0
10.8579184414851,11.2868971425909,4.0
12.0382043929152,12.7540651058569,4.0
13.8522550683279,12.230702072386,4.0
8.64940016662144,10.1552869599154,4.0
12.3059976650172,12.926259065816,4.0
9.32611600152027,11.1295399584919,4.0
14.1131774922321,12.1623667416726,4.0
12.4394711483776,12.3084694189089,4.0
11.4007092395382,11.573606157577,4.0
10.691682941085,10.7929730042407,4.0
11.6252012568301,12.8435552065975,4.0
13.2822165660987,11.1546222828465,4.0
17.0125067404159,13.5297539156226,4.0
9.12638474243348,11.4645944413418,4.0
12.8254995067949,11.2318710831559,4.0
12.1712838689084,11.3169148054293,4.0
16.5048868796364,11.2075588173709,4.0
13.4984943677383,10.8228463167305,4.0
10.0850137344828,13.5756610658622,4.0
13.520159964592,11.6183131199634,4.0
9.91931441833126,10.1234569624523,4.0
13.69937473697,10.9459128690952,4.0
8.41982798629686,13.4118667217702,4.0
11.1704009598959,11.0056323512022,4.0
12.0692245286627,13.9826263847257,4.0
14.1528972016692,11.290870714029,4.0
9.42259506600889,11.1024478104832,4.0
12.7383475396599,12.3436724956103,4.0
12.2658821234395,11.3207729334541,4.0
14.587767784071,11.2919374579635,4.0
9.29774180507987,12.9890930246809,4.0
11.6141817735367,12.5346524998764,4.0
10.8317312690054,10.952666553139,4.0
10.3750360404685,12.3746204934496,4.0
11.7465540957775,12.6999897908428,4.0
11.2490225156119,11.3218249022195,4.0
12.172566544763,12.9165820748072,4.0
12.1511018927818,12.9380182629502,4.0
11.3581530353741,11.5677851472898,4.0
11.5474122058679,11.8907626928042,4.0
12.7414692532129,12.4156821321979,4.0
15.9876874724951,13.3369933023596,4.0
11.1689840766657,12.0829931874519,4.0
14.7892899096276,10.7366476891208,4.0
11.0294871438367,10.3644263404849,4.0
13.7061978637139,11.8520273123479,4.0
13.7608451739385,12.9903193695789,4.0
9.73893830089703,12.5917668919289,4.0
10.2488476781582,11.3831406636135,4.0
10.4318091654218,13.0350757052725,4.0
10.8275322067856,13.208362810736,4.0
11.5579200902875,13.4197939161014,4.0
7.40798067092414,11.8044948170138,4.0
13.6007149398049,10.2456502756301,4.0
11.5316274023134,11.4663264703237,4.0
8.71841320952102,11.5938698908944,4.0
13.7331011917956,13.2258525090198,4.0
10.8592868447681,10.7995088837508,4.0
9.02375808081185,12.8915372866395,4.0
14.8067336902239,11.7592485583026,4.0
14.956103934283,10.6741367508049,4.0
12.2323727952874,12.6805330652745,4.0
9.20077166980697,13.5106067070113,4.0
12.0284396477256,13.195561362685,4.0
11.8789675373645,13.1355134902115,4.0
8.99559683592199,11.1113119714327,4.0
14.34233849401,12.3930514877395,4.0
11.2081956750861,10.5112061333851,4.0
13.4765717179321,11.6209237417965,4.0
12.4040456650725,12.6820418974492,4.0
13.6787675625617,11.1865810191864,4.0
11.1049950398758,11.9887070640005,4.0
9.70923103174599,11.1748686331997,4.0
13.5105330761512,12.1472961880503,4.0
8.61402684246684,11.8164871380514,4.0
9.86812797223572,11.8707274160848,4.0
11.6905319311824,11.8227077283559,4.0
10.4950709633005,11.627968470626,4.0
11.6591759839146,10.8798326680305,4.0
13.547505565991,13.1371761189094,4.0
9.08395681471718,11.6438208008309,4.0
11.4916442579704,11.7007811066527,4.0
12.2969483857223,12.185287736497,4.0
13.973413614479,13.1429794612962,4.0
10.7915405028268,12.7181310524285,4.0
12.5743989261392,12.7422970267567,4.0
13.229920456131,11.3309670888436,4.0
14.1836815972864,12.094575208994,4.0
13.9584054893832,13.0398237314059,4.0
11.9424543631729,12.4457908875155,4.0
14.5601284423982,12.6383046463043,4.0
14.5099290949281,11.7147230953972,4.0
10.3184881938569,11.2744345207234,4.0
12.6051745814653,10.4460786687055,4.0
13.5862019559768,13.2730888620316,4.0
11.9009401089079,13.6334516911868,4.0
14.7742311210406,11.8101155210508,4.0
12.5590067928779,11.4303184726573,4.0
9.16467401334974,12.170646632535,4.0
13.4840575705852,11.9273927576602,4.0
12.9100956410574,11.41510283689,4.0
13.9800143637865,12.0396864662163,4.0
10.712634493289,12.3090472723324,4.0
13.3365104219514,12.9623452279999,4.0
10.2237059156297,11.1125386744155,4.0
11.1335300749579,11.9994546873959,4.0
11.6109888624256,12.8025310320685,4.0
12.9144734129434,11.0076380983166,4.0
7.83619116264051,12.1839681589094,4.0
8.01979168550413,12.299517743664,4.0
14.491362368224,11.710471874871,4.0
11.5456009301518,11.8530195845145,4.0
10.1894600785616,12.1590101260579,4.0
11.8139998454114,11.767259297248,4.0
13.2710647656662,9.50931173969511,4.0
11.6405214424327,12.1124792051133,4.0
12.4410602730591,12.8402526788429,4.0
9.72985792705816,12.0877641533543,4.0
15.6677824364659,11.6052828629265,4.0
13.5390158771062,13.3067630725397,4.0
8.82449940872664,12.4852448392421,4.0
14.17804087129,12.4758943644748,4.0
11.5112128192209,9.38732015839852,4.0
9.47413733549961,11.370511070324,4.0
8.46857859859944,12.1690173327058,4.0
10.9864760192102,12.9850437961325,4.0
12.9896691876408,10.7922281031404,4.0
14.0456747734594,11.7647326494906,4.0
14.5486329764576,12.8970793775716,4.0
14.4488261931714,12.5881514397475,4.0
13.1426790925002,11.2250371552903,4.0
11.8788535645814,12.3004695499456,4.0
10.7498890155031,12.6755662498867,4.0
10.5672355866104,10.2771320284624,4.0
13.4992054353442,12.8328823335253,4.0
